Marca temporal,¿En qué semestre se encuentra la mayoria de su carga academica?,"Durante un semestre académico, ¿con qué frecuencia falta a clase voluntariamente (""capa clase"")?",¿Cuál es el motivo principal por el cual decide no asistir a una clase?,¿En qué tipo de horario o día tiende a faltar con mayor frecuencia?,¿En qué tipo de asignatura es más probable que decida no asistir?,"Cuando decide faltar a una clase, ¿a qué actividad dedica principalmente ese tiempo?","En su experiencia, ¿cómo impacta la inasistencia voluntaria su rendimiento académico?",¿Qué impacto psicológico o percepción del entorno se manifiesta con mayor frecuencia después de evadir una jornada lectiva?,¿Cuál de los siguientes factores disminuye su deseo de faltar a clase?,"La disponibilidad del material didáctico en la plataforma virtual (diapositivas, lecturas, clases grabadas) hace que su probabilidad de faltar a clase:","La presente encuesta tiene como único propósito recolectar información académica con fines estrictamente investigativos para un proyecto universitario. La participación es completamente voluntaria y 100% anónima. No se solicitará ni almacenará ningún dato de identificación personal (nombres, documentos, correos o números de contacto), garantizando el cumplimiento de las normativas vigentes sobre protección de datos personales. Al diligenciar este cuestionario, declara conocer el objetivo del estudio y acepta libremente el tratamiento anónimo de sus respuestas. ",¿A que facultad pertenece?,¿Cuál es su promedio acumulado ?,"Si hace doble programa, seleccione a la otra carrera de la que hace parte.",Cuál es su programa base,¿Cuál es su programa base?,¿Cuál es su programa base?,¿Cuál es su programa base?,¿Cuál es su programa base?,¿Cuál es su programa base?,¿Cuál es su programa base?,¿Cuál es su programa base?,¿Cuál es su programa base?,¿Cuál es su programa base?,¿Cuál es su programa base?,¿Cuál es su programa base?,Columna 16,Columna 16
10/9/2026 17:53:23,5.° Semestre,Ocasionalmente (1 a 2 veces al mes),"Carga académica excesiva / Necesidad de estudiar o hacer trabajos para otra materia, Cansancio, necesidad de descanso o salud mental, Compromisos personales, laborales o de movilidad, Actividades de ocio o sociales","No depende del horario o día, depende únicamente de la materia","Asignaturas donde el profesor no controla la asistencia, Clases cuyo contenido se puede aprender de forma autodidacta con lecturas/diapositivas","Adelantar tareas, proyectos o estudiar para exámenes, Dormir o descansar en casa/campus, Compartir con amigos o compañeros dentro o fuera de la universidad, Trámites personales o trabajo","Me afecta levemente, pero lo logro compensar estudiando por mi cuenta",Preocupación o culpa por haberme perdido información importante,"Que las clases sean dinámicas, interactivas y aporten valor que no está en los libros, La realización de evaluaciones continuas, quices o talleres no anunciados, El valor económico de la matrícula / costo del crédito académico, El sentido de compromiso ético y responsabilidad, Profesor/a es atractivo/a, Profesor/a es amable",4,He leído y acepto el Aviso de Privacidad y el tratamiento de mis datos personales de forma anónima para fines estrictamente académicos,Facultad de Ingeniería,3.94,Ingeniería Informática,Ciencia de Datos,,,,,,,,,,,,,
10/9/2026 18:06:45,4.° Semestre,Ocasionalmente (1 a 2 veces al mes),"Cansancio, necesidad de descanso o salud mental, Compromisos personales, laborales o de movilidad","No depende del horario o día, depende únicamente de la materia",Me resulta indiferente el tipo de asignatura,"Dormir o descansar en casa/campus, Compartir con amigos o compañeros dentro o fuera de la universidad, Trámites personales o trabajo","Me afecta levemente, pero lo logro compensar estudiando por mi cuenta",Temor o paranoia ante la posibilidad de que las autoridades académicas notifiquen a mis tutores o familiares,"Que la asistencia sea obligatoria y afecte directamente la nota, La realización de evaluaciones continuas, quices o talleres no anunciados",3,He leído y acepto el Aviso de Privacidad y el tratamiento de mis datos personales de forma anónima para fines estrictamente académicos,Facultad de Ciencias del Comportamiento,4.07,,,,Psicología,,,,,,,,,,,
10/9/2026 18:07:24,8.° Semestre,Ocasionalmente (1 a 2 veces al mes),"Carga académica excesiva / Necesidad de estudiar o hacer trabajos para otra materia, Cansancio, necesidad de descanso o salud mental",Últimas horas de la tarde / noche,"Clases teóricas magistrales con muchos estudiantes, Materias complementarias o electivas fuera de la especialidad de la carrera, Asignaturas donde el profesor no controla la asistencia, Clases cuyo contenido se puede aprender de forma autodidacta con lecturas/diapositivas","Adelantar tareas, proyectos o estudiar para exámenes, Dormir o descansar en casa/campus, Compartir con amigos o compañeros dentro o fuera de la universidad, Trámites personales o trabajo",No me afecta en absoluto; mantengo mis calificaciones esperadas,Indiferencia,"Que la asistencia sea obligatoria y afecte directamente la nota, La realización de evaluaciones continuas, quices o talleres no anunciados",5,He leído y acepto el Aviso de Privacidad y el tratamiento de mis datos personales de forma anónima para fines estrictamente académicos,Facultad de Medicina,4.1,,,,,,,,,Medicina,,,,,,
10/9/2026 18:07:35,4.° Semestre,Ocasionalmente (1 a 2 veces al mes),"Carga académica excesiva / Necesidad de estudiar o hacer trabajos para otra materia, Compromisos personales, laborales o de movilidad",Horarios del mediodía o bloques intermedios,Me resulta indiferente el tipo de asignatura,"Adelantar tareas, proyectos o estudiar para exámenes, Trámites personales o trabajo","Me afecta levemente, pero lo logro compensar estudiando por mi cuenta",Preocupación o culpa por haberme perdido información importante,El valor económico de la matrícula / costo del crédito académico,3,He leído y acepto el Aviso de Privacidad y el tratamiento de mis datos personales de forma anónima para fines estrictamente académicos,Facultad de Ingeniería,4.6,Ingeniería Mecánica,Ingeniería Informática,,,,,,,,,,,,,
10/9/2026 18:09:57,4.° Semestre,Ocasionalmente (1 a 2 veces al mes),"Cansancio, necesidad de descanso o salud mental, Compromisos personales, laborales o de movilidad",Primeras horas de la mañana (7:00 a. m. - 9:00 a. m.),"Materias complementarias o electivas fuera de la especialidad de la carrera, Clases cuyo contenido se puede aprender de forma autodidacta con lecturas/diapositivas","Adelantar tareas, proyectos o estudiar para exámenes, Dormir o descansar en casa/campus, Compartir con amigos o compañeros dentro o fuera de la universidad, Trámites personales o trabajo",Depende de la exigencia de la materia,Alivio o tranquilidad por haber aprovechado el tiempo en otra prioridad,"Que la asistencia sea obligatoria y afecte directamente la nota, La realización de evaluaciones continuas, quices o talleres no anunciados, Profesor/a es amable",3,He leído y acepto el Aviso de Privacidad y el tratamiento de mis datos personales de forma anónima para fines estrictamente académicos,Facultad de Ingeniería,3.4,,Ingeniería Mecánica,,,,,,,,,,,,,
10/9/2026 18:10:19,7.° Semestre,Nunca o casi nunca (menos de 1 vez por semestre),N/A: No Aplica,N/A: No Aplica,N/A: No Aplica,N/A: No Aplica,N/A: No Aplica,N/A: No Aplica,El valor económico de la matrícula / costo del crédito académico,1,He leído y acepto el Aviso de Privacidad y el tratamiento de mis datos personales de forma anónima para fines estrictamente académicos,Facultad de Ciencias del Comportamiento,,,,,Psicología,,,,,,,,,,,
10/9/2026 18:11:49,6.° Semestre,Ocasionalmente (1 a 2 veces al mes),"Carga académica excesiva / Necesidad de estudiar o hacer trabajos para otra materia, Cansancio, necesidad de descanso o salud mental",Primeras horas de la mañana (7:00 a. m. - 9:00 a. m.),Materias complementarias o electivas fuera de la especialidad de la carrera,"Adelantar tareas, proyectos o estudiar para exámenes, Dormir o descansar en casa/campus","Me afecta levemente, pero lo logro compensar estudiando por mi cuenta",Preocupación o culpa por haberme perdido información importante,"Que la asistencia sea obligatoria y afecte directamente la nota, La realización de evaluaciones continuas, quices o talleres no anunciados, El valor económico de la matrícula / costo del crédito académico, El sentido de compromiso ético y responsabilidad",4,He leído y acepto el Aviso de Privacidad y el tratamiento de mis datos personales de forma anónima para fines estrictamente académicos,"Facultad de Estudios Jurídicos, Políticos e Internacionales",,,,,,,,,,,,Derecho,,,,
10/9/2026 18:16:56,4.° Semestre,Nunca o casi nunca (menos de 1 vez por semestre),"Compromisos personales, laborales o de movilidad",Primeras horas de la mañana (7:00 a. m. - 9:00 a. m.),Me resulta indiferente el tipo de asignatura,Trámites personales o trabajo,No me afecta en absoluto; mantengo mis calificaciones esperadas,Indiferencia,El sentido de compromiso ético y responsabilidad,5,He leído y acepto el Aviso de Privacidad y el tratamiento de mis datos personales de forma anónima para fines estrictamente académicos,Facultad de Ingeniería,4.7,,Ciencia de Datos,,,,,,,,,,,,,
10/9/2026 18:17:20,4.° Semestre,Nunca o casi nunca (menos de 1 vez por semestre),"Cansancio, necesidad de descanso o salud mental, Compromisos personales, laborales o de movilidad",N/A: No Aplica,"Me resulta indiferente el tipo de asignatura, N/A: No Aplica",Trámites personales o trabajo,Depende de la exigencia de la materia,Aislamiento o desconexión respecto a las dinámicas y temas discutidos por el grupo de pares,"Que las clases sean dinámicas, interactivas y aporten valor que no está en los libros, El valor económico de la matrícula / costo del crédito académico, El sentido de compromiso ético y responsabilidad",3,He leído y acepto el Aviso de Privacidad y el tratamiento de mis datos personales de forma anónima para fines estrictamente académicos,Facultad de Ingeniería,4.4,,Ingeniería Informática,,,,,,,,,,,,,
10/9/2026 18:22:38,3.° Semestre,Nunca o casi nunca (menos de 1 vez por semestre),"Desinterés por la asignatura o la metodología del docente, Actividades de ocio o sociales","No depende del horario o día, depende únicamente de la materia","Clases teóricas magistrales con muchos estudiantes, Clases cuyo contenido se puede aprender de forma autodidacta con lecturas/diapositivas","Adelantar tareas, proyectos o estudiar para exámenes, Dormir o descansar en casa/campus, Compartir con amigos o compañeros dentro o fuera de la universidad, Entretenimiento personal (redes sociales, series, videojuegos, etc.)",No me afecta en absoluto; mantengo mis calificaciones esperadas,Preocupación o culpa por haberme perdido información importante,"Que las clases sean dinámicas, interactivas y aporten valor que no está en los libros, El sentido de compromiso ético y responsabilidad, Profesor/a es amable",3,He leído y acepto el Aviso de Privacidad y el tratamiento de mis datos personales de forma anónima para fines estrictamente académicos,Facultad de Ingeniería,,,Ingeniería Mecánica,,,,,,,,,,,,,
10/9/2026 18:23:11,5.° Semestre,Ocasionalmente (1 a 2 veces al mes),"Cansancio, necesidad de descanso o salud mental","No depende del horario o día, depende únicamente de la materia",Me resulta indiferente el tipo de asignatura,Dormir o descansar en casa/campus,No me afecta en absoluto; mantengo mis calificaciones esperadas,Satisfacción por el descanso o el espacio personal obtenido,"Que la asistencia sea obligatoria y afecte directamente la nota, Profesor/a es amable",5,He leído y acepto el Aviso de Privacidad y el tratamiento de mis datos personales de forma anónima para fines estrictamente académicos,Facultad de Ingeniería,4.22,Ingeniería Mecánica,Ingeniería Informática,,,,,,,,,,,,,
10/9/2026 18:28:06,4.° Semestre,Ocasionalmente (1 a 2 veces al mes),"Cansancio, necesidad de descanso o salud mental, Compromisos personales, laborales o de movilidad",Primeras horas de la mañana (7:00 a. m. - 9:00 a. m.),Me resulta indiferente el tipo de asignatura,"Adelantar tareas, proyectos o estudiar para exámenes, Dormir o descansar en casa/campus, Compartir con amigos o compañeros dentro o fuera de la universidad",No me afecta en absoluto; mantengo mis calificaciones esperadas,Alivio o tranquilidad por haber aprovechado el tiempo en otra prioridad,"Que las clases sean dinámicas, interactivas y aporten valor que no está en los libros, Profesor/a es amable",2,He leído y acepto el Aviso de Privacidad y el tratamiento de mis datos personales de forma anónima para fines estrictamente académicos,Facultad de Ingeniería,3.4,,Ciencia de Datos,,,,,,,,,,,,,
10/9/2026 18:37:16,8.° Semestre,Nunca o casi nunca (menos de 1 vez por semestre),N/A: No Aplica,N/A: No Aplica,N/A: No Aplica,N/A: No Aplica,N/A: No Aplica,N/A: No Aplica,"Que la asistencia sea obligatoria y afecte directamente la nota, Que las clases sean dinámicas, interactivas y aporten valor que no está en los libros, La realización de evaluaciones continuas, quices o talleres no anunciados, El sentido de compromiso ético y responsabilidad, Profesor/a es amable",3,He leído y acepto el Aviso de Privacidad y el tratamiento de mis datos personales de forma anónima para fines estrictamente académicos,Facultad de Ingeniería,4.38,,Ingeniería Química,,,,,,,,,,,,,
10/9/2026 18:38:59,4.° Semestre,Nunca o casi nunca (menos de 1 vez por semestre),"Carga académica excesiva / Necesidad de estudiar o hacer trabajos para otra materia, Desinterés por la asignatura o la metodología del docente, Cansancio, necesidad de descanso o salud mental",Primeras horas de la mañana (7:00 a. m. - 9:00 a. m.),"Materias complementarias o electivas fuera de la especialidad de la carrera, Asignaturas donde el profesor no controla la asistencia","Adelantar tareas, proyectos o estudiar para exámenes, Dormir o descansar en casa/campus, Entretenimiento personal (redes sociales, series, videojuegos, etc.)","Me afecta levemente, pero lo logro compensar estudiando por mi cuenta",Alivio o tranquilidad por haber aprovechado el tiempo en otra prioridad,"Que la asistencia sea obligatoria y afecte directamente la nota, La realización de evaluaciones continuas, quices o talleres no anunciados, Profesor/a es amable",3,He leído y acepto el Aviso de Privacidad y el tratamiento de mis datos personales de forma anónima para fines estrictamente académicos,Facultad de Ingeniería,3.9,,Ciencia de Datos,,,,,,,,,,,,,
10/9/2026 18:41:47,6.° Semestre,Nunca o casi nunca (menos de 1 vez por semestre),"Carga académica excesiva / Necesidad de estudiar o hacer trabajos para otra materia, Compromisos personales, laborales o de movilidad","No depende del horario o día, depende únicamente de la materia",Clases cuyo contenido se puede aprender de forma autodidacta con lecturas/diapositivas,Trámites personales o trabajo,No me afecta en absoluto; mantengo mis calificaciones esperadas,Presión o estrés por la acumulación posterior de deberes y actividades pendientes,"Que la asistencia sea obligatoria y afecte directamente la nota, Que las clases sean dinámicas, interactivas y aporten valor que no está en los libros, La realización de evaluaciones continuas, quices o talleres no anunciados",4,He leído y acepto el Aviso de Privacidad y el tratamiento de mis datos personales de forma anónima para fines estrictamente académicos,Facultad de Ingeniería,4.2,,Ingeniería Informática,,,,,,,,,,,,,
10/9/2026 18:43:02,3.° Semestre,Ocasionalmente (1 a 2 veces al mes),"Carga académica excesiva / Necesidad de estudiar o hacer trabajos para otra materia, Desinterés por la asignatura o la metodología del docente",Horarios del mediodía o bloques intermedios,"Materias complementarias o electivas fuera de la especialidad de la carrera, Clases cuyo contenido se puede aprender de forma autodidacta con lecturas/diapositivas","Adelantar tareas, proyectos o estudiar para exámenes",No me afecta en absoluto; mantengo mis calificaciones esperadas,Alivio o tranquilidad por haber aprovechado el tiempo en otra prioridad,"Que las clases sean dinámicas, interactivas y aporten valor que no está en los libros, Profesor/a es atractivo/a, Profesor/a es amable",5,He leído y acepto el Aviso de Privacidad y el tratamiento de mis datos personales de forma anónima para fines estrictamente académicos,Facultad de Ingeniería,3.98,,Ciencia de Datos,,,,,,,,,,,,,
10/9/2026 18:48:43,2.° Semestre,Nunca o casi nunca (menos de 1 vez por semestre),Desinterés por la asignatura o la metodología del docente,Días viernes o adyacentes a fines de semana / festivos,Materias complementarias o electivas fuera de la especialidad de la carrera,"Compartir con amigos o compañeros dentro o fuera de la universidad, Entretenimiento personal (redes sociales, series, videojuegos, etc.)","Me afecta levemente, pero lo logro compensar estudiando por mi cuenta",Preocupación o culpa por haberme perdido información importante,"Que la asistencia sea obligatoria y afecte directamente la nota, Que las clases sean dinámicas, interactivas y aporten valor que no está en los libros, La realización de evaluaciones continuas, quices o talleres no anunciados",1,He leído y acepto el Aviso de Privacidad y el tratamiento de mis datos personales de forma anónima para fines estrictamente académicos,Facultad de Comunicación,4.3,,,,,,,,,,Comunicación Audiovisual y Multimedios,,,,,
10/9/2026 18:57:55,5.° Semestre,Ocasionalmente (1 a 2 veces al mes),"Desinterés por la asignatura o la metodología del docente, Actividades de ocio o sociales",N/A: No Aplica,Materias complementarias o electivas fuera de la especialidad de la carrera,"Adelantar tareas, proyectos o estudiar para exámenes, Dormir o descansar en casa/campus, Compartir con amigos o compañeros dentro o fuera de la universidad","Me afecta levemente, pero lo logro compensar estudiando por mi cuenta",Indiferencia,"Que las clases sean dinámicas, interactivas y aporten valor que no está en los libros, Profesor/a es amable",4,He leído y acepto el Aviso de Privacidad y el tratamiento de mis datos personales de forma anónima para fines estrictamente académicos,Facultad de Ingeniería,4.25,,Ingeniería Informática,,,,,,,,,,,,,
10/9/2026 19:26:00,3.° Semestre,Nunca o casi nunca (menos de 1 vez por semestre),"Carga académica excesiva / Necesidad de estudiar o hacer trabajos para otra materia, Desinterés por la asignatura o la metodología del docente, Compromisos personales, laborales o de movilidad",N/A: No Aplica,Materias complementarias o electivas fuera de la especialidad de la carrera,"Adelantar tareas, proyectos o estudiar para exámenes, Compartir con amigos o compañeros dentro o fuera de la universidad, Trámites personales o trabajo",No me afecta en absoluto; mantengo mis calificaciones esperadas,Preocupación o culpa por haberme perdido información importante,"Que las clases sean dinámicas, interactivas y aporten valor que no está en los libros, El valor económico de la matrícula / costo del crédito académico, Profesor/a es amable",3,He leído y acepto el Aviso de Privacidad y el tratamiento de mis datos personales de forma anónima para fines estrictamente académicos,Facultad de Ingeniería,,,Ciencia de Datos,,,,,,,,,,,,,
10/9/2026 19:32:46,7.° Semestre,Nunca o casi nunca (menos de 1 vez por semestre),N/A: No Aplica,N/A: No Aplica,N/A: No Aplica,N/A: No Aplica,N/A: No Aplica,N/A: No Aplica,"Que la asistencia sea obligatoria y afecte directamente la nota, Que las clases sean dinámicas, interactivas y aporten valor que no está en los libros, La realización de evaluaciones continuas, quices o talleres no anunciados, El valor económico de la matrícula / costo del crédito académico, El sentido de compromiso ético y responsabilidad, Profesor/a es amable",3,He leído y acepto el Aviso de Privacidad y el tratamiento de mis datos personales de forma anónima para fines estrictamente académicos,Facultad de Ingeniería,4.4,,Ingeniería Informática,,,,,,,,,,,,,
10/9/2026 19:35:36,4.° Semestre,Ocasionalmente (1 a 2 veces al mes),"Carga académica excesiva / Necesidad de estudiar o hacer trabajos para otra materia, Cansancio, necesidad de descanso o salud mental, Salud fisica","No depende del horario o día, depende únicamente de la materia",Clases cuyo contenido se puede aprender de forma autodidacta con lecturas/diapositivas,Salud fisica,"Me afecta levemente, pero lo logro compensar estudiando por mi cuenta",N/A: No Aplica,"Que las clases sean dinámicas, interactivas y aporten valor que no está en los libros, La realización de evaluaciones continuas, quices o talleres no anunciados, El sentido de compromiso ético y responsabilidad",1,He leído y acepto el Aviso de Privacidad y el tratamiento de mis datos personales de forma anónima para fines estrictamente académicos,Facultad de Ingeniería,3.89,,Ingeniería Informática,,,,,,,,,,,,,
10/9/2026 20:01:07,5.° Semestre,Ocasionalmente (1 a 2 veces al mes),"Cansancio, necesidad de descanso o salud mental, Compromisos personales, laborales o de movilidad",Horarios del mediodía o bloques intermedios,"Asignaturas donde el profesor no controla la asistencia, Clases cuyo contenido se puede aprender de forma autodidacta con lecturas/diapositivas","Adelantar tareas, proyectos o estudiar para exámenes, Trámites personales o trabajo","Me afecta levemente, pero lo logro compensar estudiando por mi cuenta",Presión o estrés por la acumulación posterior de deberes y actividades pendientes,"Que la asistencia sea obligatoria y afecte directamente la nota, Que las clases sean dinámicas, interactivas y aporten valor que no está en los libros, El sentido de compromiso ético y responsabilidad, Profesor/a es amable",3,He leído y acepto el Aviso de Privacidad y el tratamiento de mis datos personales de forma anónima para fines estrictamente académicos,Facultad de Ingeniería,4.5,,Ingeniería Informática,,,,,,,,,,,,,
10/9/2026 20:57:23,4.° Semestre,Frecuentemente (1 a 2 veces por semana),"Cansancio, necesidad de descanso o salud mental",Días viernes o adyacentes a fines de semana / festivos,"Materias complementarias o electivas fuera de la especialidad de la carrera, Asignaturas donde el profesor no controla la asistencia, Clases cuyo contenido se puede aprender de forma autodidacta con lecturas/diapositivas","Adelantar tareas, proyectos o estudiar para exámenes, Dormir o descansar en casa/campus, Compartir con amigos o compañeros dentro o fuera de la universidad","Me afecta levemente, pero lo logro compensar estudiando por mi cuenta",Satisfacción por el descanso o el espacio personal obtenido,"Que la asistencia sea obligatoria y afecte directamente la nota, Que las clases sean dinámicas, interactivas y aporten valor que no está en los libros, La realización de evaluaciones continuas, quices o talleres no anunciados, Profesor/a es atractivo/a",4,He leído y acepto el Aviso de Privacidad y el tratamiento de mis datos personales de forma anónima para fines estrictamente académicos,Facultad de Ingeniería,3.7,,Ingenieria Industrial,,,,,,,,,,,,,
10/9/2026 21:03:57,5.° Semestre,Ocasionalmente (1 a 2 veces al mes),"Cansancio, necesidad de descanso o salud mental, Compromisos personales, laborales o de movilidad",Días viernes o adyacentes a fines de semana / festivos,"Clases teóricas magistrales con muchos estudiantes, Asignaturas donde el profesor no controla la asistencia","Dormir o descansar en casa/campus, Viajar ",Depende de la exigencia de la materia,Alivio o tranquilidad por haber aprovechado el tiempo en otra prioridad,"Que la asistencia sea obligatoria y afecte directamente la nota, La realización de evaluaciones continuas, quices o talleres no anunciados, Profesor/a es amable",4,He leído y acepto el Aviso de Privacidad y el tratamiento de mis datos personales de forma anónima para fines estrictamente académicos,Facultad de Ingeniería,4.4,Ciencia de Datos,Ingenieria Industrial,,,,,,,,,,,,,
10/9/2026 21:08:02,2.° Semestre,Nunca o casi nunca (menos de 1 vez por semestre),"Compromisos personales, laborales o de movilidad",N/A: No Aplica,Clases teóricas magistrales con muchos estudiantes,"Entretenimiento personal (redes sociales, series, videojuegos, etc.), Trámites personales o trabajo",No me afecta en absoluto; mantengo mis calificaciones esperadas,Indiferencia,"Que la asistencia sea obligatoria y afecte directamente la nota, Que las clases sean dinámicas, interactivas y aporten valor que no está en los libros",3,He leído y acepto el Aviso de Privacidad y el tratamiento de mis datos personales de forma anónima para fines estrictamente académicos,Facultad de Comunicación,4.35,,,,,,,,,,Especialización en Diseño y Desarrollo de Videojuegos,,,,,
10/9/2026 21:08:47,5.° Semestre,Ocasionalmente (1 a 2 veces al mes),"Carga académica excesiva / Necesidad de estudiar o hacer trabajos para otra materia, Cansancio, necesidad de descanso o salud mental",Primeras horas de la mañana (7:00 a. m. - 9:00 a. m.),"Materias complementarias o electivas fuera de la especialidad de la carrera, Clases cuyo contenido se puede aprender de forma autodidacta con lecturas/diapositivas","Adelantar tareas, proyectos o estudiar para exámenes, Dormir o descansar en casa/campus","Me afecta levemente, pero lo logro compensar estudiando por mi cuenta",Alivio o tranquilidad por haber aprovechado el tiempo en otra prioridad,"Que la asistencia sea obligatoria y afecte directamente la nota, La realización de evaluaciones continuas, quices o talleres no anunciados, Profesor/a es amable",3,He leído y acepto el Aviso de Privacidad y el tratamiento de mis datos personales de forma anónima para fines estrictamente académicos,Facultad de Ingeniería,3.89,,Ciencia de Datos,,,,,,,,,,,,,
10/9/2026 21:14:54,3.° Semestre,Muy frecuentemente (3 o más veces por semana),"Carga académica excesiva / Necesidad de estudiar o hacer trabajos para otra materia, Desinterés por la asignatura o la metodología del docente, Cansancio, necesidad de descanso o salud mental, Compromisos personales, laborales o de movilidad",Días viernes o adyacentes a fines de semana / festivos,Materias complementarias o electivas fuera de la especialidad de la carrera,Compartir con amigos o compañeros dentro o fuera de la universidad,Depende de la exigencia de la materia,Alivio o tranquilidad por haber aprovechado el tiempo en otra prioridad,Que la asistencia sea obligatoria y afecte directamente la nota,3,He leído y acepto el Aviso de Privacidad y el tratamiento de mis datos personales de forma anónima para fines estrictamente académicos,Facultad de Filosofía y Ciencias Humanas,4,Derecho,,,,,Filosofía,,,,,,,,,
10/9/2026 21:17:05,2.° Semestre,Ocasionalmente (1 a 2 veces al mes),"Cansancio, necesidad de descanso o salud mental","No depende del horario o día, depende únicamente de la materia",Me resulta indiferente el tipo de asignatura,Dormir o descansar en casa/campus,No me afecta en absoluto; mantengo mis calificaciones esperadas,Preocupación o culpa por haberme perdido información importante,Que la asistencia sea obligatoria y afecte directamente la nota,3,He leído y acepto el Aviso de Privacidad y el tratamiento de mis datos personales de forma anónima para fines estrictamente académicos,Facultad de Ingeniería,3.8,,Ingeniería Informática,,,,,,,,,,,,,
10/9/2026 21:32:18,2.° Semestre,Ocasionalmente (1 a 2 veces al mes),"Cansancio, necesidad de descanso o salud mental, Actividades de ocio o sociales","No depende del horario o día, depende únicamente de la materia","Asignaturas donde el profesor no controla la asistencia, Clases cuyo contenido se puede aprender de forma autodidacta con lecturas/diapositivas","Dormir o descansar en casa/campus, Compartir con amigos o compañeros dentro o fuera de la universidad","Me afecta levemente, pero lo logro compensar estudiando por mi cuenta",Preocupación o culpa por haberme perdido información importante,"La realización de evaluaciones continuas, quices o talleres no anunciados, El sentido de compromiso ético y responsabilidad",3,He leído y acepto el Aviso de Privacidad y el tratamiento de mis datos personales de forma anónima para fines estrictamente académicos,Facultad de Comunicación,,,,,,,,,,,Comunicación Social y Periodismo,,,,,
10/9/2026 21:35:00,3.° Semestre,Ocasionalmente (1 a 2 veces al mes),"Desinterés por la asignatura o la metodología del docente, Cansancio, necesidad de descanso o salud mental, Compromisos personales, laborales o de movilidad",Primeras horas de la mañana (7:00 a. m. - 9:00 a. m.),"Materias complementarias o electivas fuera de la especialidad de la carrera, Clases cuyo contenido se puede aprender de forma autodidacta con lecturas/diapositivas","Dormir o descansar en casa/campus, Trámites personales o trabajo","Me afecta levemente, pero lo logro compensar estudiando por mi cuenta",Indiferencia,"Que la asistencia sea obligatoria y afecte directamente la nota, Que las clases sean dinámicas, interactivas y aporten valor que no está en los libros, El valor económico de la matrícula / costo del crédito académico, El sentido de compromiso ético y responsabilidad",3,He leído y acepto el Aviso de Privacidad y el tratamiento de mis datos personales de forma anónima para fines estrictamente académicos,Facultad de Ingeniería,3.84,,Ciencia de Datos,,,,,,,,,,,,,
10/9/2026 21:41:13,4.° Semestre,Frecuentemente (1 a 2 veces por semana),"Desinterés por la asignatura o la metodología del docente, Cansancio, necesidad de descanso o salud mental, Actividades de ocio o sociales",Últimas horas de la tarde / noche,"Materias complementarias o electivas fuera de la especialidad de la carrera, Asignaturas donde el profesor no controla la asistencia, Clases cuyo contenido se puede aprender de forma autodidacta con lecturas/diapositivas","Adelantar tareas, proyectos o estudiar para exámenes, Dormir o descansar en casa/campus, Compartir con amigos o compañeros dentro o fuera de la universidad, Entretenimiento personal (redes sociales, series, videojuegos, etc.), Trámites personales o trabajo","Me afecta levemente, pero lo logro compensar estudiando por mi cuenta",Presión o estrés por la acumulación posterior de deberes y actividades pendientes,"Que la asistencia sea obligatoria y afecte directamente la nota, Que las clases sean dinámicas, interactivas y aporten valor que no está en los libros",1,He leído y acepto el Aviso de Privacidad y el tratamiento de mis datos personales de forma anónima para fines estrictamente académicos,"Facultad de Estudios Jurídicos, Políticos e Internacionales",4.3,,,,,,,,,,,Relaciones Internacionales,,,,
10/9/2026 22:14:20,5.° Semestre,Ocasionalmente (1 a 2 veces al mes),"Desinterés por la asignatura o la metodología del docente, Cansancio, necesidad de descanso o salud mental, Actividades de ocio o sociales","No depende del horario o día, depende únicamente de la materia","Clases teóricas magistrales con muchos estudiantes, Materias complementarias o electivas fuera de la especialidad de la carrera, Asignaturas donde el profesor no controla la asistencia, Clases cuyo contenido se puede aprender de forma autodidacta con lecturas/diapositivas","Adelantar tareas, proyectos o estudiar para exámenes, Compartir con amigos o compañeros dentro o fuera de la universidad, Entretenimiento personal (redes sociales, series, videojuegos, etc.)",No me afecta en absoluto; mantengo mis calificaciones esperadas,Alivio o tranquilidad por haber aprovechado el tiempo en otra prioridad,"Que la asistencia sea obligatoria y afecte directamente la nota, La realización de evaluaciones continuas, quices o talleres no anunciados, Profesor/a es atractivo/a, Profesor/a es amable",5,He leído y acepto el Aviso de Privacidad y el tratamiento de mis datos personales de forma anónima para fines estrictamente académicos,Facultad de Medicina,4.1,Ingeniería Química,,,,,,,,Especialización en Farmacología Clínica,,,,,,
10/9/2026 22:19:13,9.° Semestre,Frecuentemente (1 a 2 veces por semana),"Compromisos personales, laborales o de movilidad",Horarios del mediodía o bloques intermedios,"Asignaturas donde el profesor no controla la asistencia, Clases cuyo contenido se puede aprender de forma autodidacta con lecturas/diapositivas",Trámites personales o trabajo,"Me afecta levemente, pero lo logro compensar estudiando por mi cuenta",Indiferencia,"Que la asistencia sea obligatoria y afecte directamente la nota, La realización de evaluaciones continuas, quices o talleres no anunciados",3,He leído y acepto el Aviso de Privacidad y el tratamiento de mis datos personales de forma anónima para fines estrictamente académicos,Escuela Internacional de Ciencias Económicas y Administrativas,3.7,Derecho,,Economía y Finanzas Internacionales,,,,,,,,,,,,
10/9/2026 22:28:41,1.° Semestre,Ocasionalmente (1 a 2 veces al mes),"Carga académica excesiva / Necesidad de estudiar o hacer trabajos para otra materia, Desinterés por la asignatura o la metodología del docente, Cansancio, necesidad de descanso o salud mental",N/A: No Aplica,Clases cuyo contenido se puede aprender de forma autodidacta con lecturas/diapositivas,"Adelantar tareas, proyectos o estudiar para exámenes, Dormir o descansar en casa/campus, Compartir con amigos o compañeros dentro o fuera de la universidad",No me afecta en absoluto; mantengo mis calificaciones esperadas,Preocupación o culpa por haberme perdido información importante,"Que las clases sean dinámicas, interactivas y aporten valor que no está en los libros",4,He leído y acepto el Aviso de Privacidad y el tratamiento de mis datos personales de forma anónima para fines estrictamente académicos,"Facultad de Estudios Jurídicos, Políticos e Internacionales",4.5,,,,,,,,,,,Derecho,,,,
10/9/2026 22:34:34,1.° Semestre,Nunca o casi nunca (menos de 1 vez por semestre),"Cansancio, necesidad de descanso o salud mental, N/A: No Aplica",N/A: No Aplica,"Materias complementarias o electivas fuera de la especialidad de la carrera, N/A: No Aplica","Adelantar tareas, proyectos o estudiar para exámenes, Dormir o descansar en casa/campus, Compartir con amigos o compañeros dentro o fuera de la universidad, Entretenimiento personal (redes sociales, series, videojuegos, etc.), N/A: No Aplica",No me afecta en absoluto; mantengo mis calificaciones esperadas,Presión o estrés por la acumulación posterior de deberes y actividades pendientes,"Que la asistencia sea obligatoria y afecte directamente la nota, Que las clases sean dinámicas, interactivas y aporten valor que no está en los libros, El valor económico de la matrícula / costo del crédito académico, Profesor/a es atractivo/a, Profesor/a es amable",2,He leído y acepto el Aviso de Privacidad y el tratamiento de mis datos personales de forma anónima para fines estrictamente académicos,Facultad de Comunicación,4.2,,,,,,,,,,Comunicación Audiovisual y Multimedios,,,,,
10/9/2026 22:46:59,5.° Semestre,Frecuentemente (1 a 2 veces por semana),"Desinterés por la asignatura o la metodología del docente, Cansancio, necesidad de descanso o salud mental",Horarios del mediodía o bloques intermedios,"Clases teóricas magistrales con muchos estudiantes, Asignaturas donde el profesor no controla la asistencia, Me resulta indiferente el tipo de asignatura","Dormir o descansar en casa/campus, Compartir con amigos o compañeros dentro o fuera de la universidad",No me afecta en absoluto; mantengo mis calificaciones esperadas,N/A: No Aplica,"Que la asistencia sea obligatoria y afecte directamente la nota, Que las clases sean dinámicas, interactivas y aporten valor que no está en los libros, La realización de evaluaciones continuas, quices o talleres no anunciados, Profesor/a es amable, Que haya poca gente en clase y pueda hablar mas con los profes",1,He leído y acepto el Aviso de Privacidad y el tratamiento de mis datos personales de forma anónima para fines estrictamente académicos,Facultad de Ingeniería,3.25,,Ciencia de Datos,,,,,,,,,,,,,
10/9/2026 23:57:19,4.° Semestre,Nunca o casi nunca (menos de 1 vez por semestre),"Cansancio, necesidad de descanso o salud mental, Compromisos personales, laborales o de movilidad",Primeras horas de la mañana (7:00 a. m. - 9:00 a. m.),"Clases teóricas magistrales con muchos estudiantes, Asignaturas donde el profesor no controla la asistencia, Clases cuyo contenido se puede aprender de forma autodidacta con lecturas/diapositivas","Adelantar tareas, proyectos o estudiar para exámenes, Dormir o descansar en casa/campus, Trámites personales o trabajo","Me afecta levemente, pero lo logro compensar estudiando por mi cuenta",Indiferencia,"Que la asistencia sea obligatoria y afecte directamente la nota, Que las clases sean dinámicas, interactivas y aporten valor que no está en los libros, El valor económico de la matrícula / costo del crédito académico, El sentido de compromiso ético y responsabilidad, Profesor/a es amable",3,He leído y acepto el Aviso de Privacidad y el tratamiento de mis datos personales de forma anónima para fines estrictamente académicos,Facultad de Comunicación,,,,,,,,,,,Comunicación Audiovisual y Multimedios,,,,,
11/9/2026 1:21:10,5.° Semestre,Frecuentemente (1 a 2 veces por semana),"Carga académica excesiva / Necesidad de estudiar o hacer trabajos para otra materia, Cansancio, necesidad de descanso o salud mental",Primeras horas de la mañana (7:00 a. m. - 9:00 a. m.),"Clases teóricas magistrales con muchos estudiantes, Asignaturas donde el profesor no controla la asistencia","Adelantar tareas, proyectos o estudiar para exámenes, Dormir o descansar en casa/campus, Compartir con amigos o compañeros dentro o fuera de la universidad",No me afecta en absoluto; mantengo mis calificaciones esperadas,Incomodidad o tensión al regresar a la siguiente sesión lectiva frente al docente,"Que las clases sean dinámicas, interactivas y aporten valor que no está en los libros, Profesor/a es amable",2,He leído y acepto el Aviso de Privacidad y el tratamiento de mis datos personales de forma anónima para fines estrictamente académicos,Facultad de Comunicación,4.2,,,,,,,,,,Comunicación Audiovisual y Multimedios,,,,,
11/9/2026 7:22:44,6.° Semestre,Nunca o casi nunca (menos de 1 vez por semestre),Otras actividades academicas dentro de la universidad ,N/A: No Aplica,N/A: No Aplica,Trámites personales o trabajo,N/A: No Aplica,N/A: No Aplica,"Que la asistencia sea obligatoria y afecte directamente la nota, La realización de evaluaciones continuas, quices o talleres no anunciados, El valor económico de la matrícula / costo del crédito académico, El sentido de compromiso ético y responsabilidad, Profesor/a es atractivo/a, Profesor/a es amable",3,He leído y acepto el Aviso de Privacidad y el tratamiento de mis datos personales de forma anónima para fines estrictamente académicos,Facultad de Ingeniería,3.69,,Ingeniería Informática,,,,,,,,,,,,,
11/9/2026 7:24:06,5.° Semestre,Nunca o casi nunca (menos de 1 vez por semestre),"Cansancio, necesidad de descanso o salud mental",Primeras horas de la mañana (7:00 a. m. - 9:00 a. m.),N/A: No Aplica,Dormir o descansar en casa/campus,Depende de la exigencia de la materia,Preocupación o culpa por haberme perdido información importante,Otro horario,3,He leído y acepto el Aviso de Privacidad y el tratamiento de mis datos personales de forma anónima para fines estrictamente académicos,Escuela Internacional de Ciencias Económicas y Administrativas,3.8,,,Administración de Negocios Internacionales,,,,,,,,,,,,
11/9/2026 8:15:09,3.° Semestre,Ocasionalmente (1 a 2 veces al mes),"Carga académica excesiva / Necesidad de estudiar o hacer trabajos para otra materia, Compromisos personales, laborales o de movilidad, Actividades de ocio o sociales",Últimas horas de la tarde / noche,"Asignaturas donde el profesor no controla la asistencia, Clases cuyo contenido se puede aprender de forma autodidacta con lecturas/diapositivas","Adelantar tareas, proyectos o estudiar para exámenes, Entretenimiento personal (redes sociales, series, videojuegos, etc.)",No me afecta en absoluto; mantengo mis calificaciones esperadas,Indiferencia,"Que la asistencia sea obligatoria y afecte directamente la nota, Que las clases sean dinámicas, interactivas y aporten valor que no está en los libros, La realización de evaluaciones continuas, quices o talleres no anunciados, El sentido de compromiso ético y responsabilidad, Profesor/a es amable",3,He leído y acepto el Aviso de Privacidad y el tratamiento de mis datos personales de forma anónima para fines estrictamente académicos,Escuela Internacional de Ciencias Económicas y Administrativas,3.78,,,Administración de Mercadeo y Logística Internacionales,,,,,,,,,,,,
11/9/2026 8:23:47,4.° Semestre,Nunca o casi nunca (menos de 1 vez por semestre),"Carga académica excesiva / Necesidad de estudiar o hacer trabajos para otra materia, Cansancio, necesidad de descanso o salud mental",Primeras horas de la mañana (7:00 a. m. - 9:00 a. m.),Asignaturas donde el profesor no controla la asistencia,"Adelantar tareas, proyectos o estudiar para exámenes, Dormir o descansar en casa/campus, Compartir con amigos o compañeros dentro o fuera de la universidad, Trámites personales o trabajo","Me afecta levemente, pero lo logro compensar estudiando por mi cuenta",Preocupación o culpa por haberme perdido información importante,"Que la asistencia sea obligatoria y afecte directamente la nota, El valor económico de la matrícula / costo del crédito académico",3,He leído y acepto el Aviso de Privacidad y el tratamiento de mis datos personales de forma anónima para fines estrictamente académicos,Facultad de Comunicación,4.7,,,,,,,,,,Comunicación Audiovisual y Multimedios,,,,,
11/9/2026 8:54:21,7.° Semestre,Ocasionalmente (1 a 2 veces al mes),"Desinterés por la asignatura o la metodología del docente, Cansancio, necesidad de descanso o salud mental",Primeras horas de la mañana (7:00 a. m. - 9:00 a. m.),"Clases teóricas magistrales con muchos estudiantes, Materias complementarias o electivas fuera de la especialidad de la carrera, Asignaturas donde el profesor no controla la asistencia, Clases cuyo contenido se puede aprender de forma autodidacta con lecturas/diapositivas",Dormir o descansar en casa/campus,"Me afecta levemente, pero lo logro compensar estudiando por mi cuenta",Alivio o tranquilidad por haber aprovechado el tiempo en otra prioridad,"Que la asistencia sea obligatoria y afecte directamente la nota, Que las clases sean dinámicas, interactivas y aporten valor que no está en los libros, La realización de evaluaciones continuas, quices o talleres no anunciados",1,He leído y acepto el Aviso de Privacidad y el tratamiento de mis datos personales de forma anónima para fines estrictamente académicos,Facultad de Medicina,3.9,,,,,,,,,Medicina,,,,,,
11/9/2026 12:07:09,4.° Semestre,Ocasionalmente (1 a 2 veces al mes),"Cansancio, necesidad de descanso o salud mental, Compromisos personales, laborales o de movilidad, Actividades de ocio o sociales",Últimas horas de la tarde / noche,Materias complementarias o electivas fuera de la especialidad de la carrera,"Compartir con amigos o compañeros dentro o fuera de la universidad, Entretenimiento personal (redes sociales, series, videojuegos, etc.), Trámites personales o trabajo","Me afecta levemente, pero lo logro compensar estudiando por mi cuenta",Preocupación o culpa por haberme perdido información importante,Profesor/a es atractivo/a,3,He leído y acepto el Aviso de Privacidad y el tratamiento de mis datos personales de forma anónima para fines estrictamente académicos,Facultad de Ingeniería,4,,Ingeniería de Diseño e Innovación,,,,,,,,,,,,,
11/9/2026 12:28:47,2.° Semestre,Nunca o casi nunca (menos de 1 vez por semestre),"Compromisos personales, laborales o de movilidad",N/A: No Aplica,Materias complementarias o electivas fuera de la especialidad de la carrera,"Dormir o descansar en casa/campus, Trámites personales o trabajo",Depende de la exigencia de la materia,Satisfacción por el descanso o el espacio personal obtenido,"Que las clases sean dinámicas, interactivas y aporten valor que no está en los libros, El valor económico de la matrícula / costo del crédito académico",3,He leído y acepto el Aviso de Privacidad y el tratamiento de mis datos personales de forma anónima para fines estrictamente académicos,Facultad de Ciencias del Comportamiento,4.3,,,,Psicología,,,,,,,,,,,
13/9/2026 21:59:24,6.° Semestre,Ocasionalmente (1 a 2 veces al mes),Carga académica excesiva / Necesidad de estudiar o hacer trabajos para otra materia,"No depende del horario o día, depende únicamente de la materia","Materias complementarias o electivas fuera de la especialidad de la carrera, Asignaturas donde el profesor no controla la asistencia, Clases cuyo contenido se puede aprender de forma autodidacta con lecturas/diapositivas","Adelantar tareas, proyectos o estudiar para exámenes",Depende de la exigencia de la materia,Preocupación o culpa por haberme perdido información importante,"Que la asistencia sea obligatoria y afecte directamente la nota, Que las clases sean dinámicas, interactivas y aporten valor que no está en los libros, La realización de evaluaciones continuas, quices o talleres no anunciados, Profesor/a es amable",3,He leído y acepto el Aviso de Privacidad y el tratamiento de mis datos personales de forma anónima para fines estrictamente académicos,Facultad de Ingeniería,4.56,,Ingeniería Mecánica,,,,,,,,,,,,,
17/9/2026 14:03:48,5.° Semestre,Ocasionalmente (1 a 2 veces al mes),"Compromisos personales, laborales o de movilidad, Actividades de ocio o sociales",Últimas horas de la tarde / noche,Asignaturas donde el profesor no controla la asistencia,Compartir con amigos o compañeros dentro o fuera de la universidad,No me afecta en absoluto; mantengo mis calificaciones esperadas,Alivio o tranquilidad por haber aprovechado el tiempo en otra prioridad,Que la asistencia sea obligatoria y afecte directamente la nota,3,He leído y acepto el Aviso de Privacidad y el tratamiento de mis datos personales de forma anónima para fines estrictamente académicos,Facultad de Ingeniería,3.5,,Ciencia de Datos,,,,,,,,,,,,,
17/9/2026 14:04:21,8.° Semestre,Ocasionalmente (1 a 2 veces al mes),"Carga académica excesiva / Necesidad de estudiar o hacer trabajos para otra materia, Desinterés por la asignatura o la metodología del docente, Cansancio, necesidad de descanso o salud mental",Primeras horas de la mañana (7:00 a. m. - 9:00 a. m.),"Materias complementarias o electivas fuera de la especialidad de la carrera, Asignaturas donde el profesor no controla la asistencia","Adelantar tareas, proyectos o estudiar para exámenes, Dormir o descansar en casa/campus, Compartir con amigos o compañeros dentro o fuera de la universidad, Entretenimiento personal (redes sociales, series, videojuegos, etc.)","Me afecta levemente, pero lo logro compensar estudiando por mi cuenta",Alivio o tranquilidad por haber aprovechado el tiempo en otra prioridad,"Que la asistencia sea obligatoria y afecte directamente la nota, La realización de evaluaciones continuas, quices o talleres no anunciados, El valor económico de la matrícula / costo del crédito académico",3,He leído y acepto el Aviso de Privacidad y el tratamiento de mis datos personales de forma anónima para fines estrictamente académicos,Escuela Internacional de Ciencias Económicas y Administrativas,4,Administración de Mercadeo y Logística Internacionales,,Administración de Empresas,,,,,,,,,,,,
17/9/2026 14:04:21,5.° Semestre,Ocasionalmente (1 a 2 veces al mes),"Carga académica excesiva / Necesidad de estudiar o hacer trabajos para otra materia, Desinterés por la asignatura o la metodología del docente, Cansancio, necesidad de descanso o salud mental",Primeras horas de la mañana (7:00 a. m. - 9:00 a. m.),"Materias complementarias o electivas fuera de la especialidad de la carrera, Asignaturas donde el profesor no controla la asistencia","Adelantar tareas, proyectos o estudiar para exámenes, Dormir o descansar en casa/campus, Compartir con amigos o compañeros dentro o fuera de la universidad, Entretenimiento personal (redes sociales, series, videojuegos, etc.)","Me afecta levemente, pero lo logro compensar estudiando por mi cuenta",Alivio o tranquilidad por haber aprovechado el tiempo en otra prioridad,"Que la asistencia sea obligatoria y afecte directamente la nota, La realización de evaluaciones continuas, quices o talleres no anunciados, El valor económico de la matrícula / costo del crédito académico",3,He leído y acepto el Aviso de Privacidad y el tratamiento de mis datos personales de forma anónima para fines estrictamente académicos,Escuela Internacional de Ciencias Económicas y Administrativas,4,Administración de Mercadeo y Logística Internacionales,,Administración de Empresas,,,,,,,,,,,,
17/9/2026 14:17:19,4.° Semestre,Frecuentemente (1 a 2 veces por semana),"Carga académica excesiva / Necesidad de estudiar o hacer trabajos para otra materia, Desinterés por la asignatura o la metodología del docente, Cansancio, necesidad de descanso o salud mental, Compromisos personales, laborales o de movilidad, Actividades de ocio o sociales",Horarios del mediodía o bloques intermedios,"Materias complementarias o electivas fuera de la especialidad de la carrera, Asignaturas donde el profesor no controla la asistencia, Clases cuyo contenido se puede aprender de forma autodidacta con lecturas/diapositivas, Me resulta indiferente el tipo de asignatura","Compartir con amigos o compañeros dentro o fuera de la universidad, Entretenimiento personal (redes sociales, series, videojuegos, etc.)",No me afecta en absoluto; mantengo mis calificaciones esperadas,Indiferencia,"Que las clases sean dinámicas, interactivas y aporten valor que no está en los libros, El sentido de compromiso ético y responsabilidad, Profesor/a es atractivo/a, Profesor/a es amable",3,He leído y acepto el Aviso de Privacidad y el tratamiento de mis datos personales de forma anónima para fines estrictamente académicos,Facultad de Ingeniería,3.84,,Ciencia de Datos,,,,,,,,,,,,,
19/9/2026 15:30:39,2.° Semestre,Nunca o casi nunca (menos de 1 vez por semestre),N/A: No Aplica,N/A: No Aplica,N/A: No Aplica,N/A: No Aplica,N/A: No Aplica,N/A: No Aplica,"Que las clases sean dinámicas, interactivas y aporten valor que no está en los libros, El sentido de compromiso ético y responsabilidad",1,He leído y acepto el Aviso de Privacidad y el tratamiento de mis datos personales de forma anónima para fines estrictamente académicos,Facultad de Comunicación,4.5,,,,,,,,,,Comunicación Social y Periodismo,,,,,
19/9/2026 15:37:23,1.° Semestre,Nunca o casi nunca (menos de 1 vez por semestre),Desinterés por la asignatura o la metodología del docente,"No depende del horario o día, depende únicamente de la materia",Me resulta indiferente el tipo de asignatura,Dormir o descansar en casa/campus,Depende de la exigencia de la materia,Satisfacción por el descanso o el espacio personal obtenido,"Que la asistencia sea obligatoria y afecte directamente la nota, La realización de evaluaciones continuas, quices o talleres no anunciados, El sentido de compromiso ético y responsabilidad",3,He leído y acepto el Aviso de Privacidad y el tratamiento de mis datos personales de forma anónima para fines estrictamente académicos,Facultad de Comunicación,,,,,,,,,,,Comunicación Social y Periodismo,,,,,
19/9/2026 15:48:12,2.° Semestre,Nunca o casi nunca (menos de 1 vez por semestre),"Cansancio, necesidad de descanso o salud mental, Salud física ",N/A: No Aplica,N/A: No Aplica,Dormir o descansar en casa/campus,No me afecta en absoluto; mantengo mis calificaciones esperadas,N/A: No Aplica,"Que la asistencia sea obligatoria y afecte directamente la nota, Que las clases sean dinámicas, interactivas y aporten valor que no está en los libros, El valor económico de la matrícula / costo del crédito académico, El sentido de compromiso ético y responsabilidad",4,He leído y acepto el Aviso de Privacidad y el tratamiento de mis datos personales de forma anónima para fines estrictamente académicos,Facultad de Comunicación,4.1,,,,,,,,,,Carrera de Comunicación Corporativa,,,,,
24/9/2026 13:34:48,7.° Semestre,Frecuentemente (1 a 2 veces por semana),"Desinterés por la asignatura o la metodología del docente, Cansancio, necesidad de descanso o salud mental",Primeras horas de la mañana (7:00 a. m. - 9:00 a. m.),"Clases teóricas magistrales con muchos estudiantes, Clases cuyo contenido se puede aprender de forma autodidacta con lecturas/diapositivas","Adelantar tareas, proyectos o estudiar para exámenes, Dormir o descansar en casa/campus","Me afecta levemente, pero lo logro compensar estudiando por mi cuenta",Satisfacción por el descanso o el espacio personal obtenido,"Que la asistencia sea obligatoria y afecte directamente la nota, Profesor/a es atractivo/a, Profesor/a es amable",3,He leído y acepto el Aviso de Privacidad y el tratamiento de mis datos personales de forma anónima para fines estrictamente académicos,Facultad de Ingeniería,4.3,,Ingeniería Química,,,,,,,,,,,,,
24/9/2026 14:06:41,5.° Semestre,Ocasionalmente (1 a 2 veces al mes),"Cansancio, necesidad de descanso o salud mental, Compromisos personales, laborales o de movilidad","No depende del horario o día, depende únicamente de la materia",Me resulta indiferente el tipo de asignatura,"Dormir o descansar en casa/campus, Trámites personales o trabajo",Depende de la exigencia de la materia,N/A: No Aplica,"Que la asistencia sea obligatoria y afecte directamente la nota, Que las clases sean dinámicas, interactivas y aporten valor que no está en los libros, La realización de evaluaciones continuas, quices o talleres no anunciados, El valor económico de la matrícula / costo del crédito académico",4,He leído y acepto el Aviso de Privacidad y el tratamiento de mis datos personales de forma anónima para fines estrictamente académicos,Facultad de Ingeniería,,,Ingenieria Industrial,,,,,,,,,,,,,
24/9/2026 14:34:45,5.° Semestre,Ocasionalmente (1 a 2 veces al mes),"Cansancio, necesidad de descanso o salud mental","No depende del horario o día, depende únicamente de la materia",Clases teóricas magistrales con muchos estudiantes,"Dormir o descansar en casa/campus, Compartir con amigos o compañeros dentro o fuera de la universidad","Me afecta levemente, pero lo logro compensar estudiando por mi cuenta",Preocupación o culpa por haberme perdido información importante,Que la asistencia sea obligatoria y afecte directamente la nota,3,He leído y acepto el Aviso de Privacidad y el tratamiento de mis datos personales de forma anónima para fines estrictamente académicos,Facultad de Ingeniería,4.4,,Ciencia de Datos,,,,,,,,,,,,,