variable,etiqueta,pregunta_origen,tipo,escala,valores_codigos,codigo_faltante,regla_validacion
id,Identificador de respuesta,— (generado por el script),Numérica,Nominal,1…n,No admite faltantes (lo genera el script),"Único, no vacío"
fecha,Marca temporal,Marca temporal,Fecha,Intervalo,AAAA-MM-DD HH:MM,No admite faltantes (Forms la registra siempre),Dentro del periodo de recolección
consentimiento,Acepta aviso de privacidad,"La presente encuesta tiene como único propósito recolectar información académica con fines estrictamente investigativos para un proyecto universitario. La participación es completamente voluntaria y 100% anónima. No se solicitará ni almacenará ningún dato de identificación personal (nombres, documentos, correos o números de contacto), garantizando el cumplimiento de las normativas vigentes sobre protección de datos personales. Al diligenciar este cuestionario, declara conocer el objetivo del estudio y acepta libremente el tratamiento anónimo de sus respuestas.",Categórica,Nominal,1 = Acepta,No admite faltantes (campo obligatorio),Obligatoria; si 0 se descarta
semestre,Semestre con mayor carga,¿En qué semestre se encuentra la mayoria de su carga academica?,Numérica discreta,Ordinal,1–10 (10 = 10 o más),No admite faltantes (campo obligatorio),Entero entre 1 y 10
facultad,Facultad,¿A que facultad pertenece?,Categórica,Nominal,"'Ingeniería' = «Facultad de Ingeniería» · 'Comunicación' = «Facultad de Comunicación» · 'EICEA' = «Escuela Internacional de Ciencias Económicas y Administrativas» · 'Cs. del Comportamiento' = «Facultad de Ciencias del Comportamiento» · 'Medicina' = «Facultad de Medicina» · 'Jurídicas y Políticas' = «Facultad de Estudios Jurídicos, Políticos e Internacionales» · 'Filosofía y Cs. Humanas' = «Facultad de Filosofía y Ciencias Humanas» · 'Cs. de la Vida' = «Facultad de Ciencias de la Vida y el Bienestar» · 'Educación' = «Facultad de Educación» · 'Escuela de Gobierno' = «Escuela de Gobierno» · 'Instituto Forum' = «Instituto Forum» · 'ILFARUS' = «Instituto Latinoamericano de la Familia ILFARUS»",No admite faltantes (campo obligatorio),Una de las 12 facultades
programa_base,Programa base,"¿Cuál es su programa base? (12 columnas de Forms, una por facultad, unidas en una)",Categórica,Nominal,Lista por facultad (texto del formulario),No admite faltantes (campo obligatorio),Debe pertenecer a la facultad elegida
doble_programa,Segundo programa,"Si hace doble programa, seleccione a la otra carrera de la que hace parte.",Categórica,Nominal,Lista de pregrados,NA (vacío) = no hace doble programa,≠ programa_base
promedio,Promedio acumulado,¿Cuál es su promedio acumulado ?,Numérica continua,Razón,0.00–5.00,NA (vacío) = no respondió (pregunta opcional) o valor anulado en la limpieza,Punto decimal; 0 < x < 5; descartar valores no creíbles
frecuencia,Frecuencia de ausentismo,"Durante un semestre académico, ¿con qué frecuencia falta a clase voluntariamente (""capa clase"")?",Categórica,Ordinal,1 = «Nunca o casi nunca (menos de 1 vez por semestre)» · 2 = «Ocasionalmente (1 a 2 veces al mes)» · 3 = «Frecuentemente (1 a 2 veces por semana)» · 4 = «Muy frecuentemente (3 o más veces por semana)»,No admite faltantes (campo obligatorio),"Obligatoria, una opción"
horario,Horario en que más falta,¿En qué tipo de horario o día tiende a faltar con mayor frecuencia?,Categórica,Nominal,"'Primeras horas (7–9 a. m.)' = «Primeras horas de la mañana (7:00 a. m. - 9:00 a. m.)» · 'Mediodía / bloques intermedios' = «Horarios del mediodía o bloques intermedios» · 'Tarde / noche' = «Últimas horas de la tarde / noche» · 'Viernes o puentes' = «Días viernes o adyacentes a fines de semana / festivos» · 'Depende de la materia' = «No depende del horario o día, depende únicamente de la materia» · 'N/A' = «N/A: No Aplica»",'N/A' = marcó «N/A: No Aplica» (no capa clase); no admite vacíos (campo obligatorio),Una opción
impacto_rend,Impacto en el rendimiento,"En su experiencia, ¿cómo impacta la inasistencia voluntaria su rendimiento académico?",Categórica,Nominal,"'No me afecta' = «No me afecta en absoluto; mantengo mis calificaciones esperadas» · 'Leve, lo compenso' = «Me afecta levemente, pero lo logro compensar estudiando por mi cuenta» · 'Me afecta negativamente' = «Me afecta negativamente; perjudica mis notas o comprensión de los temas» · 'Depende de la materia' = «Depende de la exigencia de la materia» · 'N/A' = «N/A: No Aplica»",'N/A' = marcó «N/A: No Aplica» (no capa clase); no admite vacíos (campo obligatorio),Una opción
impacto_psico,Impacto psicológico,¿Qué impacto psicológico o percepción del entorno se manifiesta con mayor frecuencia después de evadir una jornada lectiva?,Categórica,Nominal,'Alivio / tranquilidad' = «Alivio o tranquilidad por haber aprovechado el tiempo en otra prioridad» · 'Preocupación o culpa' = «Preocupación o culpa por haberme perdido información importante» · 'Indiferencia' = «Indiferencia» · 'Satisfacción por el descanso' = «Satisfacción por el descanso o el espacio personal obtenido» · 'Estrés por acumulación' = «Presión o estrés por la acumulación posterior de deberes y actividades pendientes» · 'Desconexión del grupo' = «Aislamiento o desconexión respecto a las dinámicas y temas discutidos por el grupo de pares» · 'Temor a que avisen a la familia' = «Temor o paranoia ante la posibilidad de que las autoridades académicas notifiquen a mis tutores o familiares» · 'Incomodidad frente al docente' = «Incomodidad o tensión al regresar a la siguiente sesión lectiva frente al docente» · 'N/A' = «N/A: No Aplica»,'N/A' = marcó «N/A: No Aplica» (no capa clase); no admite vacíos (campo obligatorio),Una opción
material_virtual,Efecto del material virtual,"La disponibilidad del material didáctico en la plataforma virtual (diapositivas, lecturas, clases grabadas) hace que su probabilidad de faltar a clase:",Numérica discreta,Ordinal (Likert),1 Disminuye mucho … 3 Sin efecto … 5 Aumenta mucho,No admite faltantes (campo obligatorio),Entero 1–5
mot_1,Motivo: Carga académica / trabajos de otra materia,¿Cuál es el motivo principal por el cual decide no asistir a una clase?,Dicotómica (multirrespuesta),Nominal,1 = marcó «Carga académica excesiva / Necesidad de estudiar o hacer trabajos para otra materia» · 0 = no la marcó,0 (N/A): quien marcó «N/A: No Aplica» queda con 0 en todas las opciones,0 o 1; N/A no debe combinarse con otras opciones
mot_2,Motivo: Desinterés por la asignatura o el docente,¿Cuál es el motivo principal por el cual decide no asistir a una clase?,Dicotómica (multirrespuesta),Nominal,1 = marcó «Desinterés por la asignatura o la metodología del docente» · 0 = no la marcó,0 (N/A): quien marcó «N/A: No Aplica» queda con 0 en todas las opciones,0 o 1; N/A no debe combinarse con otras opciones
mot_3,"Motivo: Cansancio, descanso o salud mental",¿Cuál es el motivo principal por el cual decide no asistir a una clase?,Dicotómica (multirrespuesta),Nominal,"1 = marcó «Cansancio, necesidad de descanso o salud mental» · 0 = no la marcó",0 (N/A): quien marcó «N/A: No Aplica» queda con 0 en todas las opciones,0 o 1; N/A no debe combinarse con otras opciones
mot_4,"Motivo: Compromisos personales, laborales o movilidad",¿Cuál es el motivo principal por el cual decide no asistir a una clase?,Dicotómica (multirrespuesta),Nominal,"1 = marcó «Compromisos personales, laborales o de movilidad» · 0 = no la marcó",0 (N/A): quien marcó «N/A: No Aplica» queda con 0 en todas las opciones,0 o 1; N/A no debe combinarse con otras opciones
mot_5,Motivo: Ocio o actividades sociales,¿Cuál es el motivo principal por el cual decide no asistir a una clase?,Dicotómica (multirrespuesta),Nominal,1 = marcó «Actividades de ocio o sociales» · 0 = no la marcó,0 (N/A): quien marcó «N/A: No Aplica» queda con 0 en todas las opciones,0 o 1; N/A no debe combinarse con otras opciones
mot_otro,Motivo: texto de «Otros»,¿Cuál es el motivo principal por el cual decide no asistir a una clase?,Texto abierto,Nominal,Texto libre escrito en «Otros» (varias entradas separadas por '; '),Vacío = no escribió nada en «Otros»,No vacío ni solo espacios; recodificar si encaja en una categoría existente
asig_1,Tipo de asignatura: Magistrales con muchos estudiantes,¿En qué tipo de asignatura es más probable que decida no asistir?,Dicotómica (multirrespuesta),Nominal,1 = marcó «Clases teóricas magistrales con muchos estudiantes» · 0 = no la marcó,0 (N/A): quien marcó «N/A: No Aplica» queda con 0 en todas las opciones,0 o 1; N/A no debe combinarse con otras opciones
asig_2,Tipo de asignatura: Electivas / fuera de la especialidad,¿En qué tipo de asignatura es más probable que decida no asistir?,Dicotómica (multirrespuesta),Nominal,1 = marcó «Materias complementarias o electivas fuera de la especialidad de la carrera» · 0 = no la marcó,0 (N/A): quien marcó «N/A: No Aplica» queda con 0 en todas las opciones,0 o 1; N/A no debe combinarse con otras opciones
asig_3,Tipo de asignatura: No se controla la asistencia,¿En qué tipo de asignatura es más probable que decida no asistir?,Dicotómica (multirrespuesta),Nominal,1 = marcó «Asignaturas donde el profesor no controla la asistencia» · 0 = no la marcó,0 (N/A): quien marcó «N/A: No Aplica» queda con 0 en todas las opciones,0 o 1; N/A no debe combinarse con otras opciones
asig_4,Tipo de asignatura: Se puede aprender solo (lecturas/diapositivas),¿En qué tipo de asignatura es más probable que decida no asistir?,Dicotómica (multirrespuesta),Nominal,1 = marcó «Clases cuyo contenido se puede aprender de forma autodidacta con lecturas/diapositivas» · 0 = no la marcó,0 (N/A): quien marcó «N/A: No Aplica» queda con 0 en todas las opciones,0 o 1; N/A no debe combinarse con otras opciones
asig_5,Tipo de asignatura: Indiferente,¿En qué tipo de asignatura es más probable que decida no asistir?,Dicotómica (multirrespuesta),Nominal,1 = marcó «Me resulta indiferente el tipo de asignatura» · 0 = no la marcó,0 (N/A): quien marcó «N/A: No Aplica» queda con 0 en todas las opciones,0 o 1; N/A no debe combinarse con otras opciones
asig_otro,Tipo de asignatura: texto de «Otros»,¿En qué tipo de asignatura es más probable que decida no asistir?,Texto abierto,Nominal,Texto libre escrito en «Otros» (varias entradas separadas por '; '),Vacío = no escribió nada en «Otros»,No vacío ni solo espacios; recodificar si encaja en una categoría existente
act_1,Uso del tiempo: Adelantar tareas o estudiar,"Cuando decide faltar a una clase, ¿a qué actividad dedica principalmente ese tiempo?",Dicotómica (multirrespuesta),Nominal,"1 = marcó «Adelantar tareas, proyectos o estudiar para exámenes» · 0 = no la marcó",0 (N/A): quien marcó «N/A: No Aplica» queda con 0 en todas las opciones,0 o 1; N/A no debe combinarse con otras opciones
act_2,Uso del tiempo: Dormir o descansar,"Cuando decide faltar a una clase, ¿a qué actividad dedica principalmente ese tiempo?",Dicotómica (multirrespuesta),Nominal,1 = marcó «Dormir o descansar en casa/campus» · 0 = no la marcó,0 (N/A): quien marcó «N/A: No Aplica» queda con 0 en todas las opciones,0 o 1; N/A no debe combinarse con otras opciones
act_3,Uso del tiempo: Compartir con amigos,"Cuando decide faltar a una clase, ¿a qué actividad dedica principalmente ese tiempo?",Dicotómica (multirrespuesta),Nominal,1 = marcó «Compartir con amigos o compañeros dentro o fuera de la universidad» · 0 = no la marcó,0 (N/A): quien marcó «N/A: No Aplica» queda con 0 en todas las opciones,0 o 1; N/A no debe combinarse con otras opciones
act_4,"Uso del tiempo: Entretenimiento (redes, series, juegos)","Cuando decide faltar a una clase, ¿a qué actividad dedica principalmente ese tiempo?",Dicotómica (multirrespuesta),Nominal,"1 = marcó «Entretenimiento personal (redes sociales, series, videojuegos, etc.)» · 0 = no la marcó",0 (N/A): quien marcó «N/A: No Aplica» queda con 0 en todas las opciones,0 o 1; N/A no debe combinarse con otras opciones
act_5,Uso del tiempo: Trámites personales o trabajo,"Cuando decide faltar a una clase, ¿a qué actividad dedica principalmente ese tiempo?",Dicotómica (multirrespuesta),Nominal,1 = marcó «Trámites personales o trabajo» · 0 = no la marcó,0 (N/A): quien marcó «N/A: No Aplica» queda con 0 en todas las opciones,0 o 1; N/A no debe combinarse con otras opciones
act_otro,Uso del tiempo: texto de «Otros»,"Cuando decide faltar a una clase, ¿a qué actividad dedica principalmente ese tiempo?",Texto abierto,Nominal,Texto libre escrito en «Otros» (varias entradas separadas por '; '),Vacío = no escribió nada en «Otros»,No vacío ni solo espacios; recodificar si encaja en una categoría existente
fac_1,Factor que disminuye el deseo de faltar: Asistencia obligatoria que afecta la nota,¿Cuál de los siguientes factores disminuye su deseo de faltar a clase?,Dicotómica (multirrespuesta),Nominal,1 = marcó «Que la asistencia sea obligatoria y afecte directamente la nota» · 0 = no la marcó,No admite faltantes (campo obligatorio); 0 = no marcó la opción,0 o 1
fac_2,Factor que disminuye el deseo de faltar: Clases dinámicas que aportan valor,¿Cuál de los siguientes factores disminuye su deseo de faltar a clase?,Dicotómica (multirrespuesta),Nominal,"1 = marcó «Que las clases sean dinámicas, interactivas y aporten valor que no está en los libros» · 0 = no la marcó",No admite faltantes (campo obligatorio); 0 = no marcó la opción,0 o 1
fac_3,Factor que disminuye el deseo de faltar: Quices / talleres no anunciados,¿Cuál de los siguientes factores disminuye su deseo de faltar a clase?,Dicotómica (multirrespuesta),Nominal,"1 = marcó «La realización de evaluaciones continuas, quices o talleres no anunciados» · 0 = no la marcó",No admite faltantes (campo obligatorio); 0 = no marcó la opción,0 o 1
fac_4,Factor que disminuye el deseo de faltar: Costo de la matrícula,¿Cuál de los siguientes factores disminuye su deseo de faltar a clase?,Dicotómica (multirrespuesta),Nominal,1 = marcó «El valor económico de la matrícula / costo del crédito académico» · 0 = no la marcó,No admite faltantes (campo obligatorio); 0 = no marcó la opción,0 o 1
fac_5,Factor que disminuye el deseo de faltar: Compromiso ético y responsabilidad,¿Cuál de los siguientes factores disminuye su deseo de faltar a clase?,Dicotómica (multirrespuesta),Nominal,1 = marcó «El sentido de compromiso ético y responsabilidad» · 0 = no la marcó,No admite faltantes (campo obligatorio); 0 = no marcó la opción,0 o 1
fac_6,Factor que disminuye el deseo de faltar: Profesor/a atractivo/a,¿Cuál de los siguientes factores disminuye su deseo de faltar a clase?,Dicotómica (multirrespuesta),Nominal,1 = marcó «Profesor/a es atractivo/a» · 0 = no la marcó,No admite faltantes (campo obligatorio); 0 = no marcó la opción,0 o 1
fac_7,Factor que disminuye el deseo de faltar: Profesor/a amable,¿Cuál de los siguientes factores disminuye su deseo de faltar a clase?,Dicotómica (multirrespuesta),Nominal,1 = marcó «Profesor/a es amable» · 0 = no la marcó,No admite faltantes (campo obligatorio); 0 = no marcó la opción,0 o 1
fac_otro,Factor que disminuye el deseo de faltar: texto de «Otros»,¿Cuál de los siguientes factores disminuye su deseo de faltar a clase?,Texto abierto,Nominal,Texto libre escrito en «Otros» (varias entradas separadas por '; '),Vacío = no escribió nada en «Otros»,No vacío ni solo espacios; recodificar si encaja en una categoría existente
