id,fecha,consentimiento,semestre,facultad,programa_base,doble_programa,promedio,frecuencia,horario,impacto_rend,impacto_psico,material_virtual,mot_1,mot_2,mot_3,mot_4,mot_5,mot_otro,asig_1,asig_2,asig_3,asig_4,asig_5,asig_otro,act_1,act_2,act_3,act_4,act_5,act_otro,fac_1,fac_2,fac_3,fac_4,fac_5,fac_6,fac_7,fac_otro
1,2026-09-10 17:53,1,5,Ingeniería,Ciencia de Datos,Ingeniería Informática,3.94,2,Depende de la materia,"Leve, lo compenso",Preocupación o culpa,4,1,0,1,1,1,,0,0,1,1,0,,1,1,1,0,1,,0,1,1,1,1,1,1,
2,2026-09-10 18:06,1,4,Cs. del Comportamiento,Psicología,,4.07,2,Depende de la materia,"Leve, lo compenso",Temor a que avisen a la familia,3,0,0,1,1,0,,0,0,0,0,1,,0,1,1,0,1,,1,0,1,0,0,0,0,
3,2026-09-10 18:07,1,8,Medicina,Medicina,,4.1,2,Tarde / noche,No me afecta,Indiferencia,5,1,0,1,0,0,,1,1,1,1,0,,1,1,1,0,1,,1,0,1,0,0,0,0,
4,2026-09-10 18:07,1,4,Ingeniería,Ingeniería Informática,Ingeniería Mecánica,4.6,2,Mediodía / bloques intermedios,"Leve, lo compenso",Preocupación o culpa,3,1,0,0,1,0,,0,0,0,0,1,,1,0,0,0,1,,0,0,0,1,0,0,0,
5,2026-09-10 18:09,1,4,Ingeniería,Ingeniería Mecánica,,3.4,2,Primeras horas (7–9 a. m.),Depende de la materia,Alivio / tranquilidad,3,0,0,1,1,0,,0,1,0,1,0,,1,1,1,0,1,,1,0,1,0,0,0,1,
6,2026-09-10 18:10,1,7,Cs. del Comportamiento,Psicología,,,1,N/A,N/A,N/A,1,0,0,0,0,0,,0,0,0,0,0,,0,0,0,0,0,,0,0,0,1,0,0,0,
7,2026-09-10 18:11,1,6,Jurídicas y Políticas,Derecho,,,2,Primeras horas (7–9 a. m.),"Leve, lo compenso",Preocupación o culpa,4,1,0,1,0,0,,0,1,0,0,0,,1,1,0,0,0,,1,0,1,1,1,0,0,
8,2026-09-10 18:16,1,4,Ingeniería,Ciencia de Datos,,4.7,1,Primeras horas (7–9 a. m.),No me afecta,Indiferencia,5,0,0,0,1,0,,0,0,0,0,1,,0,0,0,0,1,,0,0,0,0,1,0,0,
9,2026-09-10 18:17,1,4,Ingeniería,Ingeniería Informática,,4.4,1,N/A,Depende de la materia,Desconexión del grupo,3,0,0,1,1,0,,0,0,0,0,1,,0,0,0,0,1,,0,1,0,1,1,0,0,
10,2026-09-10 18:22,1,3,Ingeniería,Ingeniería Mecánica,,,1,Depende de la materia,No me afecta,Preocupación o culpa,3,0,1,0,0,1,,1,0,0,1,0,,1,1,1,1,0,,0,1,0,0,1,0,1,
11,2026-09-10 18:23,1,5,Ingeniería,Ingeniería Informática,Ingeniería Mecánica,4.22,2,Depende de la materia,No me afecta,Satisfacción por el descanso,5,0,0,1,0,0,,0,0,0,0,1,,0,1,0,0,0,,1,0,0,0,0,0,1,
12,2026-09-10 18:28,1,4,Ingeniería,Ciencia de Datos,,3.4,2,Primeras horas (7–9 a. m.),No me afecta,Alivio / tranquilidad,2,0,0,1,1,0,,0,0,0,0,1,,1,1,1,0,0,,0,1,0,0,0,0,1,
13,2026-09-10 18:37,1,8,Ingeniería,Ingeniería Química,,4.38,1,N/A,N/A,N/A,3,0,0,0,0,0,,0,0,0,0,0,,0,0,0,0,0,,1,1,1,0,1,0,1,
14,2026-09-10 18:38,1,4,Ingeniería,Ciencia de Datos,,3.9,1,Primeras horas (7–9 a. m.),"Leve, lo compenso",Alivio / tranquilidad,3,1,1,1,0,0,,0,1,1,0,0,,1,1,0,1,0,,1,0,1,0,0,0,1,
15,2026-09-10 18:41,1,6,Ingeniería,Ingeniería Informática,,4.2,1,Depende de la materia,No me afecta,Estrés por acumulación,4,1,0,0,1,0,,0,0,0,1,0,,0,0,0,0,1,,1,1,1,0,0,0,0,
16,2026-09-10 18:43,1,3,Ingeniería,Ciencia de Datos,,3.98,2,Mediodía / bloques intermedios,No me afecta,Alivio / tranquilidad,5,1,1,0,0,0,,0,1,0,1,0,,1,0,0,0,0,,0,1,0,0,0,1,1,
17,2026-09-10 18:48,1,2,Comunicación,Comunicación Audiovisual y Multimedios,,4.3,1,Viernes o puentes,"Leve, lo compenso",Preocupación o culpa,1,0,1,0,0,0,,0,1,0,0,0,,0,0,1,1,0,,1,1,1,0,0,0,0,
18,2026-09-10 18:57,1,5,Ingeniería,Ingeniería Informática,,4.25,2,N/A,"Leve, lo compenso",Indiferencia,4,0,1,0,0,1,,0,1,0,0,0,,1,1,1,0,0,,0,1,0,0,0,0,1,
19,2026-09-10 19:26,1,3,Ingeniería,Ciencia de Datos,,,1,N/A,No me afecta,Preocupación o culpa,3,1,1,0,1,0,,0,1,0,0,0,,1,0,1,0,1,,0,1,0,1,0,0,1,
20,2026-09-10 19:32,1,7,Ingeniería,Ingeniería Informática,,4.4,1,N/A,N/A,N/A,3,0,0,0,0,0,,0,0,0,0,0,,0,0,0,0,0,,1,1,1,1,1,0,1,
21,2026-09-10 19:35,1,4,Ingeniería,Ingeniería Informática,,3.89,2,Depende de la materia,"Leve, lo compenso",N/A,1,1,0,1,0,0,Salud fisica,0,0,0,1,0,,0,0,0,0,0,Salud fisica,0,1,1,0,1,0,0,
22,2026-09-10 20:01,1,5,Ingeniería,Ingeniería Informática,,4.5,2,Mediodía / bloques intermedios,"Leve, lo compenso",Estrés por acumulación,3,0,0,1,1,0,,0,0,1,1,0,,1,0,0,0,1,,1,1,0,0,1,0,1,
23,2026-09-10 20:57,1,4,Ingeniería,Ingenieria Industrial,,3.7,3,Viernes o puentes,"Leve, lo compenso",Satisfacción por el descanso,4,0,0,1,0,0,,0,1,1,1,0,,1,1,1,0,0,,1,1,1,0,0,1,0,
24,2026-09-10 21:03,1,5,Ingeniería,Ingenieria Industrial,Ciencia de Datos,4.4,2,Viernes o puentes,Depende de la materia,Alivio / tranquilidad,4,0,0,1,1,0,,1,0,1,0,0,,0,1,0,0,0,Viajar,1,0,1,0,0,0,1,
25,2026-09-10 21:08,1,2,Comunicación,Especialización en Diseño y Desarrollo de Videojuegos,,4.35,1,N/A,No me afecta,Indiferencia,3,0,0,0,1,0,,1,0,0,0,0,,0,0,0,1,1,,1,1,0,0,0,0,0,
26,2026-09-10 21:08,1,5,Ingeniería,Ciencia de Datos,,3.89,2,Primeras horas (7–9 a. m.),"Leve, lo compenso",Alivio / tranquilidad,3,1,0,1,0,0,,0,1,0,1,0,,1,1,0,0,0,,1,0,1,0,0,0,1,
27,2026-09-10 21:14,1,3,Filosofía y Cs. Humanas,Filosofía,Derecho,4.0,4,Viernes o puentes,Depende de la materia,Alivio / tranquilidad,3,1,1,1,1,0,,0,1,0,0,0,,0,0,1,0,0,,1,0,0,0,0,0,0,
28,2026-09-10 21:17,1,2,Ingeniería,Ingeniería Informática,,3.8,2,Depende de la materia,No me afecta,Preocupación o culpa,3,0,0,1,0,0,,0,0,0,0,1,,0,1,0,0,0,,1,0,0,0,0,0,0,
29,2026-09-10 21:32,1,2,Comunicación,Comunicación Social y Periodismo,,,2,Depende de la materia,"Leve, lo compenso",Preocupación o culpa,3,0,0,1,0,1,,0,0,1,1,0,,0,1,1,0,0,,0,0,1,0,1,0,0,
30,2026-09-10 21:35,1,3,Ingeniería,Ciencia de Datos,,3.84,2,Primeras horas (7–9 a. m.),"Leve, lo compenso",Indiferencia,3,0,1,1,1,0,,0,1,0,1,0,,0,1,0,0,1,,1,1,0,1,1,0,0,
31,2026-09-10 21:41,1,4,Jurídicas y Políticas,Relaciones Internacionales,,4.3,3,Tarde / noche,"Leve, lo compenso",Estrés por acumulación,1,0,1,1,0,1,,0,1,1,1,0,,1,1,1,1,1,,1,1,0,0,0,0,0,
32,2026-09-10 22:14,1,5,Medicina,Especialización en Farmacología Clínica,Ingeniería Química,4.1,2,Depende de la materia,No me afecta,Alivio / tranquilidad,5,0,1,1,0,1,,1,1,1,1,0,,1,0,1,1,0,,1,0,1,0,0,1,1,
33,2026-09-10 22:19,1,9,EICEA,Economía y Finanzas Internacionales,Derecho,3.7,3,Mediodía / bloques intermedios,"Leve, lo compenso",Indiferencia,3,0,0,0,1,0,,0,0,1,1,0,,0,0,0,0,1,,1,0,1,0,0,0,0,
34,2026-09-10 22:28,1,1,Jurídicas y Políticas,Derecho,,4.5,2,N/A,No me afecta,Preocupación o culpa,4,1,1,1,0,0,,0,0,0,1,0,,1,1,1,0,0,,0,1,0,0,0,0,0,
35,2026-09-10 22:34,1,1,Comunicación,Comunicación Audiovisual y Multimedios,,4.2,1,N/A,No me afecta,Estrés por acumulación,2,0,0,1,0,0,,0,1,0,0,0,,1,1,1,1,0,,1,1,0,1,0,1,1,
36,2026-09-10 22:46,1,5,Ingeniería,Ciencia de Datos,,3.25,3,Mediodía / bloques intermedios,No me afecta,N/A,1,0,1,1,0,0,,1,0,1,0,1,,0,1,1,0,0,,1,1,1,0,0,0,1,Que haya poca gente en clase y pueda hablar mas con los profes
37,2026-09-10 23:57,1,4,Comunicación,Comunicación Audiovisual y Multimedios,,,1,Primeras horas (7–9 a. m.),"Leve, lo compenso",Indiferencia,3,0,0,1,1,0,,1,0,1,1,0,,1,1,0,0,1,,1,1,0,1,1,0,1,
38,2026-09-11 01:21,1,5,Comunicación,Comunicación Audiovisual y Multimedios,,4.2,3,Primeras horas (7–9 a. m.),No me afecta,Incomodidad frente al docente,2,1,0,1,0,0,,1,0,1,0,0,,1,1,1,0,0,,0,1,0,0,0,0,1,
39,2026-09-11 07:22,1,6,Ingeniería,Ingeniería Informática,,3.69,1,N/A,N/A,N/A,3,0,0,0,0,0,Otras actividades academicas dentro de la universidad,0,0,0,0,0,,0,0,0,0,1,,1,0,1,1,1,1,1,
40,2026-09-11 07:24,1,5,EICEA,Administración de Negocios Internacionales,,3.8,1,Primeras horas (7–9 a. m.),Depende de la materia,Preocupación o culpa,3,0,0,1,0,0,,0,0,0,0,0,,0,1,0,0,0,,0,0,0,0,0,0,0,Otro horario
41,2026-09-11 08:15,1,3,EICEA,Administración de Mercadeo y Logística Internacionales,,3.78,2,Tarde / noche,No me afecta,Indiferencia,3,1,0,0,1,1,,0,0,1,1,0,,1,0,0,1,0,,1,1,1,0,1,0,1,
42,2026-09-11 08:23,1,4,Comunicación,Comunicación Audiovisual y Multimedios,,4.7,1,Primeras horas (7–9 a. m.),"Leve, lo compenso",Preocupación o culpa,3,1,0,1,0,0,,0,0,1,0,0,,1,1,1,0,1,,1,0,0,1,0,0,0,
43,2026-09-11 08:54,1,7,Medicina,Medicina,,3.9,2,Primeras horas (7–9 a. m.),"Leve, lo compenso",Alivio / tranquilidad,1,0,1,1,0,0,,1,1,1,1,0,,0,1,0,0,0,,1,1,1,0,0,0,0,
44,2026-09-11 12:07,1,4,Ingeniería,Ingeniería de Diseño e Innovación,,4.0,2,Tarde / noche,"Leve, lo compenso",Preocupación o culpa,3,0,0,1,1,1,,0,1,0,0,0,,0,0,1,1,1,,0,0,0,0,0,1,0,
45,2026-09-11 12:28,1,2,Cs. del Comportamiento,Psicología,,4.3,1,N/A,Depende de la materia,Satisfacción por el descanso,3,0,0,0,1,0,,0,1,0,0,0,,0,1,0,0,1,,0,1,0,1,0,0,0,
46,2026-09-13 21:59,1,6,Ingeniería,Ingeniería Mecánica,,4.56,2,Depende de la materia,Depende de la materia,Preocupación o culpa,3,1,0,0,0,0,,0,1,1,1,0,,1,0,0,0,0,,1,1,1,0,0,0,1,
47,2026-09-17 14:03,1,5,Ingeniería,Ciencia de Datos,,3.5,2,Tarde / noche,No me afecta,Alivio / tranquilidad,3,0,0,0,1,1,,0,0,1,0,0,,0,0,1,0,0,,1,0,0,0,0,0,0,
48,2026-09-17 14:04,1,8,EICEA,Administración de Empresas,Administración de Mercadeo y Logística Internacionales,4.0,2,Primeras horas (7–9 a. m.),"Leve, lo compenso",Alivio / tranquilidad,3,1,1,1,0,0,,0,1,1,0,0,,1,1,1,1,0,,1,0,1,1,0,0,0,
49,2026-09-17 14:04,1,5,EICEA,Administración de Empresas,Administración de Mercadeo y Logística Internacionales,4.0,2,Primeras horas (7–9 a. m.),"Leve, lo compenso",Alivio / tranquilidad,3,1,1,1,0,0,,0,1,1,0,0,,1,1,1,1,0,,1,0,1,1,0,0,0,
50,2026-09-17 14:17,1,4,Ingeniería,Ciencia de Datos,,3.84,3,Mediodía / bloques intermedios,No me afecta,Indiferencia,3,1,1,1,1,1,,0,1,1,1,1,,0,0,1,1,0,,0,1,0,0,1,1,1,
51,2026-09-19 15:30,1,2,Comunicación,Comunicación Social y Periodismo,,4.5,1,N/A,N/A,N/A,1,0,0,0,0,0,,0,0,0,0,0,,0,0,0,0,0,,0,1,0,0,1,0,0,
52,2026-09-19 15:37,1,1,Comunicación,Comunicación Social y Periodismo,,,1,Depende de la materia,Depende de la materia,Satisfacción por el descanso,3,0,1,0,0,0,,0,0,0,0,1,,0,1,0,0,0,,1,0,1,0,1,0,0,
53,2026-09-19 15:48,1,2,Comunicación,Carrera de Comunicación Corporativa,,4.1,1,N/A,No me afecta,N/A,4,0,0,1,0,0,Salud física,0,0,0,0,0,,0,1,0,0,0,,1,1,0,1,1,0,0,
54,2026-09-24 13:34,1,7,Ingeniería,Ingeniería Química,,4.3,3,Primeras horas (7–9 a. m.),"Leve, lo compenso",Satisfacción por el descanso,3,0,1,1,0,0,,1,0,0,1,0,,1,1,0,0,0,,1,0,0,0,0,1,1,
55,2026-09-24 14:06,1,5,Ingeniería,Ingenieria Industrial,,,2,Depende de la materia,Depende de la materia,N/A,4,0,0,1,1,0,,0,0,0,0,1,,0,1,0,0,1,,1,1,1,1,0,0,0,
56,2026-09-24 14:34,1,5,Ingeniería,Ciencia de Datos,,4.4,2,Depende de la materia,"Leve, lo compenso",Preocupación o culpa,3,0,0,1,0,0,,1,0,0,0,0,,0,1,1,0,0,,1,0,0,0,0,0,0,
